{"3a5760d5-ff07-3fb0-981a-a39c00d77bd5":{"gameType":"spectator","dimension":"minecraft:overworld","x":-1562.8786190844598,"y":83.62428600613259,"z":979.1026797851802,"xRot":25.050053,"yRot":108.74319,"isFreecam":false}}